700001,Xgen-Ecommerce,,2024-01-02T14:16:06.9086921Z,,,,SaudiArabia,,MiddleEast,2008-01-01,2025-12-11,1,36429234,XGE24CE,SAR
700002,Destination-Ecommerce,,2024-01-02T14:16:06.9086921Z,,,,UAE,,MiddleEast,2008-01-02,2025-12-18,1,36429234,DES89CE,AED
700003,UltraSpeed-WholeSale,,2024-01-02T14:16:06.9086921Z,,,,UAE,,MiddleEast,2008-01-08,2025-12-27,1,36429234,ULT42LE,AED
700004,Buzzing-Ecommerce,,2024-01-02T14:16:06.9086921Z,,,,Qatar,,MiddleEast,2008-01-17,2025-12-29,1,36429234,BUZ96CE,QAR
700005,USP-Shippers,,2024-01-02T14:16:06.9086921Z,,,,Kuwait,,MiddleEast,2008-01-18,2026-01-02,1,36429234,USP59RS,KWD
700006,FMCG-WholeSale,,2024-01-02T14:16:06.9086921Z,,,,UAE,,MiddleEast,2008-01-28,2026-01-03,1,36429234,FMC12LE,AED
700007,Stocker-WholeSale,,2024-01-02T14:16:06.9086921Z,,,,UK,,Europe,2008-02-04,2026-01-08,1,36429234,STO29LE,GBP
700008,TechBiz-Shippers,,2024-01-02T14:16:06.9086921Z,,,,Qatar,,MiddleEast,2008-02-06,2026-01-12,1,36429234,TEC18RS,QAR
700009,Rapid-WholeSale,,2024-01-02T14:16:06.9086921Z,,,,India,,Asia,2008-02-10,2026-01-17,1,36429234,RAP82LE,INR
700010,Stocker-Products,,2024-01-02T14:16:06.9086921Z,,,,SaudiArabia,,MiddleEast,2008-02-13,2026-01-18,1,36429234,STO92TS,SAR
700011,Rapid-Movers,,2024-01-02T14:16:06.9086921Z,,,,US,,United States,2008-02-18,2026-01-24,1,36429234,RAP26RS,USD
700012,AZM-Shipping,,2024-01-02T14:16:06.9086921Z,,,,UAE,,MiddleEast,2008-02-25,2026-01-25,1,36429234,AZM11NG,AED
700013,Innovative-Movers,,2024-01-02T14:16:06.9086921Z,,,,Pakistan,,Asia,2008-02-28,2026-01-28,1,36429234,INN95RS,PKR
700014,Etail-Shippers,,2024-01-02T14:16:06.9086921Z,,,,US,,United States,2008-03-03,2026-01-29,1,36429234,ETA12RS,USD
700015,AZM-Supplier,,2024-01-02T14:16:06.9086921Z,,,,Turkiye,,MiddleEast,2008-03-05,2026-02-03,1,36429234,AZM21ER,TRP
700016,Buzzing-Supplier,,2024-01-02T14:16:06.9086921Z,,,,Pakistan,,Asia,2008-03-12,2026-02-08,1,36429234,BUZ38ER,PKR
700017,FastDelivery-Products,,2024-01-02T14:16:06.9086921Z,,,,UK,,Europe,2008-03-20,2026-02-12,1,36429234,FAS59TS,GBP
700018,UltraSpeed-Supplier,,2024-01-02T14:16:06.9086921Z,,,,Turkiye,,MiddleEast,2008-03-25,2026-02-21,1,36429234,ULT27ER,TRP
700019,Future-Shipping,,2024-01-02T14:16:06.9086921Z,,,,India,,Asia,2008-03-30,2026-03-02,1,36429234,FUT61NG,INR
700020,USP-WholeSale,,2024-01-02T14:16:06.9086921Z,,,,US,,United States,2008-04-09,2026-03-07,1,36429234,USP55LE,USD
700021,Etail-Movers,,2024-01-02T14:16:06.9086921Z,,,,Qatar,,MiddleEast,2008-04-15,2026-03-11,1,36429234,ETA77RS,QAR
700022,USP-Products,,2024-01-02T14:16:06.9086921Z,,,,Pakistan,,Asia,2008-04-16,2026-03-19,1,36429234,USP32TS,PKR
700023,TechBiz-Ecommerce,,2024-01-02T14:16:06.9086921Z,,,,Pakistan,,Asia,2008-04-21,2026-03-24,1,36429234,TEC45CE,PKR
700001,Future-Supplier,,2024-01-02T14:16:06.9086921Z,,,,Kuwait,,MiddleEast,2008-04-28,2026-03-29,1,36429234,FUT38ER,KWD
700002,ShopAtUs-Ecommerce,,2024-01-02T14:16:06.9086921Z,,,,SaudiArabia,,MiddleEast,2008-04-30,2026-04-06,1,36429234,SHO49CE,SAR
700003,NewAge-Shipping,,2024-01-02T14:16:06.9086921Z,,,,SaudiArabia,,MiddleEast,2008-05-03,2026-04-14,1,36429234,NEW41NG,SAR
700004,Etail-Shipping,,2024-01-02T14:16:06.9086921Z,,,,Turkiye,,MiddleEast,2008-05-05,2026-04-19,1,36429234,ETA68NG,TRP
700005,AZM-Ecommerce,,2024-01-02T14:16:06.9086921Z,,,,US,,United States,2008-05-06,2026-04-29,1,36429234,AZM77CE,USD
700006,Buzzing-WholeSale,,2024-01-02T14:16:06.9086921Z,,,,Pakistan,,Asia,2008-05-12,2026-05-01,1,36429234,BUZ14LE,PKR
700007,Xgen-Supplier,,2024-01-02T14:16:06.9086921Z,,,,Australia,,Australia,2008-05-19,2026-05-07,1,36429234,XGE34ER,AUD
700008,Destination-Movers,,2024-01-02T14:16:06.9086921Z,,,,Kuwait,,MiddleEast,2008-05-23,2026-05-11,1,36429234,DES56RS,KWD
700009,Stocker-Supplier,,2024-01-02T14:16:06.9086921Z,,,,India,,Asia,2008-06-01,2026-05-15,1,36429234,STO88ER,INR
700010,Etail-Products,,2024-01-02T14:16:06.9086921Z,,,,Kuwait,,MiddleEast,2008-06-02,2026-05-16,1,36429234,ETA48TS,KWD
700011,FastDelivery-Shipping,,2024-01-02T14:16:06.9086921Z,,,,India,,Asia,2008-06-10,2026-05-22,1,36429234,FAS22NG,INR
700012,Stocker-Ecommerce,,2024-01-02T14:16:06.9086921Z,,,,India,,Asia,2008-06-19,2026-05-28,1,36429234,STO29CE,INR
700013,FastDelivery-Ecommerce,,2024-01-02T14:16:06.9086921Z,,,,UK,,Europe,2008-06-26,2026-06-02,1,36429234,FAS49CE,GBP
700014,Xgen-WholeSale,,2024-01-02T14:16:06.9086921Z,,,,US,,United States,2008-07-05,2026-06-06,1,36429234,XGE51LE,USD
700015,FastDelivery-Movers,,2024-01-02T14:16:06.9086921Z,,,,Australia,,Australia,2008-07-12,2026-06-10,1,36429234,FAS87RS,AUD
700016,Future-Shippers,,2024-01-02T14:16:06.9086921Z,,,,Qatar,,MiddleEast,2008-07-15,2026-06-15,1,36429234,FUT28RS,QAR
700017,USP-Movers,,2024-01-02T14:16:06.9086921Z,,,,Turkiye,,MiddleEast,2008-07-24,2026-06-17,1,36429234,USP39RS,TRP
700018,Innovative-Supplier,,2024-01-02T14:16:06.9086921Z,,,,Qatar,,MiddleEast,2008-07-30,2026-06-24,1,36429234,INN33ER,QAR
700019,Etail-Ecommerce,,2024-01-02T14:16:06.9086921Z,,,,India,,Asia,2008-08-06,2026-06-25,1,36429234,ETA87CE,INR
700020,Rapid-Shipping,,2024-01-02T14:16:06.9086921Z,,,,Pakistan,,Asia,2008-08-16,2026-06-26,1,36429234,RAP39NG,PKR
700021,USP-Supplier,,2024-01-02T14:16:06.9086921Z,,,,Turkiye,,MiddleEast,2008-08-24,2026-06-28,1,36429234,USP29ER,TRP
700022,ShopAtUs-Products,,2024-01-02T14:16:06.9086921Z,,,,SaudiArabia,,MiddleEast,2008-08-30,2026-07-02,1,36429234,SHO18TS,SAR
700023,Innovative-Shipping,,2024-01-02T14:16:06.9086921Z,,,,Australia,,Australia,2008-08-31,2026-07-04,1,36429234,INN79NG,AUD
700001,NewAge-Ecommerce,,2024-01-02T14:16:06.9086921Z,,,,SaudiArabia,,MiddleEast,2008-09-05,2026-07-10,1,36429234,NEW69CE,SAR
700002,TechBiz-Products,,2024-01-02T14:16:06.9086921Z,,,,Turkiye,,MiddleEast,2008-09-10,2026-07-20,1,36429234,TEC32TS,TRP
700003,FastDelivery-Shippers,,2024-01-02T14:16:06.9086921Z,,,,India,,Asia,2008-09-19,2026-07-28,1,36429234,FAS31RS,INR
700004,NewAge-Supplier,,2024-01-02T14:16:06.9086921Z,,,,Qatar,,MiddleEast,2008-09-26,2026-08-04,1,36429234,NEW31ER,QAR
700005,Rapid-Products,,2024-01-02T14:16:06.9086921Z,,,,US,,United States,2008-10-03,2026-08-14,1,36429234,RAP49TS,USD
700006,Innovative-Ecommerce,,2024-01-02T14:16:06.9086921Z,,,,Pakistan,,Asia,2008-10-04,2026-08-17,1,36429234,INN28CE,PKR
700007,FMCG-Shipping,,2024-01-02T14:16:06.9086921Z,,,,UAE,,MiddleEast,2008-10-10,2026-08-23,1,36429234,FMC64NG,AED
700008,ShopAtUs-Shipping,,2024-01-02T14:16:06.9086921Z,,,,Pakistan,,Asia,2008-10-11,2026-08-31,1,36429234,SHO48NG,PKR
700009,Destination-Shippers,,2024-01-02T14:16:06.9086921Z,,,,Egypt,,MiddleEast,2008-10-19,2026-09-09,1,36429234,DES69RS,EGP
700010,AZM-WholeSale,,2024-01-02T14:16:06.9086921Z,,,,SaudiArabia,,MiddleEast,2008-10-28,2026-09-19,1,36429234,AZM74LE,SAR
700011,Future-Products,,2024-01-02T14:16:06.9086921Z,,,,Turkiye,,MiddleEast,2008-11-01,2026-09-26,1,36429234,FUT59TS,TRP
700012,ShopAtUs-WholeSale,,2024-01-02T14:16:06.9086921Z,,,,India,,Asia,2008-11-09,2026-09-30,1,36429234,SHO23LE,INR
700013,AZM-Movers,,2024-01-02T14:16:06.9086921Z,,,,UAE,,MiddleEast,2008-11-19,2026-10-05,1,36429234,AZM45RS,AED
700014,UltraSpeed-Shippers,,2024-01-02T14:16:06.9086921Z,,,,Qatar,,MiddleEast,2008-11-29,2026-10-06,1,36429234,ULT85RS,QAR
700015,FastDelivery-WholeSale,,2024-01-02T14:16:06.9086921Z,,,,Pakistan,,Asia,2008-12-02,2026-10-07,1,36429234,FAS87LE,PKR
700016,Xgen-Products,,2024-01-02T14:16:06.9086921Z,,,,Qatar,,MiddleEast,2008-12-10,2026-10-08,1,36429234,XGE41TS,QAR
700017,USP-Shipping,,2024-01-02T14:16:06.9086921Z,,,,UAE,,MiddleEast,2008-12-19,2026-10-11,1,36429234,USP25NG,AED
700018,TechBiz-Movers,,2024-01-02T14:16:06.9086921Z,,,,Qatar,,MiddleEast,2008-12-28,2026-10-15,1,36429234,TEC75RS,QAR
700019,FMCG-Movers,,2024-01-02T14:16:06.9086921Z,,,,US,,United States,2009-01-04,2026-10-18,1,36429234,FMC75RS,USD
700020,FastDelivery-Supplier,,2024-01-02T14:16:06.9086921Z,,,,India,,Asia,2009-01-14,2026-10-24,1,36429234,FAS58ER,INR
700021,Innovative-Products,,2024-01-02T14:16:06.9086921Z,,,,UAE,,MiddleEast,2009-01-17,2026-11-03,1,36429234,INN94TS,AED
700022,ShopAtUs-Movers,,2024-01-02T14:16:06.9086921Z,,,,UK,,Europe,2009-01-20,2026-11-04,1,36429234,SHO92RS,GBP
700023,Innovative-Shippers,,2024-01-02T14:16:06.9086921Z,,,,US,,United States,2009-01-23,2026-11-13,1,36429234,INN24RS,USD
700001,UltraSpeed-Movers,,2024-01-02T14:16:06.9086921Z,,,,UK,,Europe,2009-02-02,2026-11-15,1,36429234,ULT41RS,GBP
700002,ShopAtUs-Shippers,,2024-01-02T14:16:06.9086921Z,,,,SaudiArabia,,MiddleEast,2009-02-08,2026-11-22,1,36429234,SHO99RS,SAR
700003,Rapid-Shippers,,2024-01-02T14:16:06.9086921Z,,,,UAE,,MiddleEast,2009-02-15,2026-11-25,1,36429234,RAP25RS,AED
700004,Buzzing-Movers,,2024-01-02T14:16:06.9086921Z,,,,India,,Asia,2009-02-25,2026-11-26,1,36429234,BUZ54RS,INR
700005,Buzzing-Shippers,,2024-01-02T14:16:06.9086921Z,,,,Pakistan,,Asia,2009-03-07,2026-12-01,1,36429234,BUZ86RS,PKR
700006,UltraSpeed-Products,,2024-01-02T14:16:06.9086921Z,,,,Egypt,,MiddleEast,2009-03-11,2026-12-09,1,36429234,ULT28TS,EGP
700007,TechBiz-Supplier,,2024-01-02T14:16:06.9086921Z,,,,UAE,,MiddleEast,2009-03-12,2026-12-16,1,36429234,TEC55ER,AED
700008,NewAge-Products,,2024-01-02T14:16:06.9086921Z,,,,SaudiArabia,,MiddleEast,2009-03-13,2026-12-21,1,36429234,NEW29TS,SAR
700009,FMCG-Supplier,,2024-01-02T14:16:06.9086921Z,,,,Australia,,Australia,2009-03-15,2026-12-26,1,36429234,FMC88ER,AUD
700010,USP-Ecommerce,,2024-01-02T14:16:06.9086921Z,,,,SaudiArabia,,MiddleEast,2009-03-21,2027-01-05,1,36429234,USP69CE,SAR
700011,Destination-Products,,2024-01-02T14:16:06.9086921Z,,,,Kuwait,,MiddleEast,2009-03-28,2027-01-12,1,36429234,DES15TS,KWD
700012,Etail-WholeSale,,2024-01-02T14:16:06.9086921Z,,,,UK,,Europe,2009-03-30,2027-01-16,1,36429234,ETA28LE,GBP
700013,Xgen-Shippers,,2024-01-02T14:16:06.9086921Z,,,,Egypt,,MiddleEast,2009-04-01,2027-01-17,1,36429234,XGE14RS,EGP
700014,AZM-Shippers,,2024-01-02T14:16:06.9086921Z,,,,Australia,,Australia,2009-04-06,2027-01-27,1,36429234,AZM43RS,AUD
700015,Destination-Shipping,,2024-01-02T14:16:06.9086921Z,,,,Egypt,,MiddleEast,2009-04-12,2027-02-02,1,36429234,DES87NG,EGP
700016,TechBiz-WholeSale,,2024-01-02T14:16:06.9086921Z,,,,SaudiArabia,,MiddleEast,2009-04-20,2027-02-04,1,36429234,TEC61LE,SAR
700017,UltraSpeed-Shipping,,2024-01-02T14:16:06.9086921Z,,,,Turkiye,,MiddleEast,2009-04-27,2027-02-11,1,36429234,ULT29NG,TRP
700018,NewAge-Shippers,,2024-01-02T14:16:06.9086921Z,,,,UAE,,MiddleEast,2009-05-02,2027-02-12,1,36429234,NEW12RS,AED
700019,TechBiz-Shipping,,2024-01-02T14:16:06.9086921Z,,,,Egypt,,MiddleEast,2009-05-03,2027-02-19,1,36429234,TEC86NG,EGP
700020,UltraSpeed-Ecommerce,,2024-01-02T14:16:06.9086921Z,,,,Kuwait,,MiddleEast,2009-05-08,2027-02-26,1,36429234,ULT47CE,KWD
700021,FMCG-Products,,2024-01-02T14:16:06.9086921Z,,,,US,,United States,2009-05-17,2027-03-06,1,36429234,FMC31TS,USD
700022,Destination-Supplier,,2024-01-02T14:16:06.9086921Z,,,,Australia,,Australia,2009-05-20,2027-03-13,1,36429234,DES12ER,AUD
700023,Future-Ecommerce,,2024-01-02T14:16:06.9086921Z,,,,UAE,,MiddleEast,2009-05-24,2027-03-15,1,36429234,FUT66CE,AED
700001,Future-Movers,,2024-01-02T14:16:06.9086921Z,,,,Pakistan,,Asia,2009-05-31,2027-03-22,1,36429234,FUT59RS,PKR
700002,Stocker-Shippers,,2024-01-02T14:16:06.9086921Z,,,,SaudiArabia,,MiddleEast,2009-06-02,2027-03-31,1,36429234,STO35RS,SAR
700003,AZM-Products,,2024-01-02T14:16:06.9086921Z,,,,UK,,Europe,2009-06-08,2027-04-10,1,36429234,AZM99TS,GBP
700004,Stocker-Shipping,,2024-01-02T14:16:06.9086921Z,,,,Kuwait,,MiddleEast,2009-06-10,2027-04-18,1,36429234,STO71NG,KWD
700005,Innovative-WholeSale,,2024-01-02T14:16:06.9086921Z,,,,UAE,,MiddleEast,2009-06-17,2027-04-19,1,36429234,INN68LE,AED
700006,NewAge-Movers,,2024-01-02T14:16:06.9086921Z,,,,Egypt,,MiddleEast,2009-06-27,2027-04-20,1,36429234,NEW79RS,EGP
700007,Destination-WholeSale,,2024-01-02T14:16:06.9086921Z,,,,SaudiArabia,,MiddleEast,2009-07-01,2027-04-21,1,36429234,DES51LE,SAR
700008,Rapid-Ecommerce,,2024-01-02T14:16:06.9086921Z,,,,Qatar,,MiddleEast,2009-07-09,2027-05-01,1,36429234,RAP26CE,QAR
700009,FMCG-Shippers,,2024-01-02T14:16:06.9086921Z,,,,UK,,Europe,2009-07-14,2027-05-10,1,36429234,FMC52RS,GBP
700010,FMCG-Ecommerce,,2024-01-02T14:16:06.9086921Z,,,,Egypt,,MiddleEast,2009-07-19,2027-05-19,1,36429234,FMC68CE,EGP
700011,ShopAtUs-Supplier,,2024-01-02T14:16:06.9086921Z,,,,Australia,,Australia,2009-07-28,2027-05-24,1,36429234,SHO65ER,AUD
700012,Etail-Supplier,,2024-01-02T14:16:06.9086921Z,,,,US,,United States,2009-08-03,2027-05-27,1,36429234,ETA49ER,USD
700013,NewAge-WholeSale,,2024-01-02T14:16:06.9086921Z,,,,US,,United States,2009-08-12,2027-05-31,1,36429234,NEW24LE,USD
700014,Buzzing-Products,,2024-01-02T14:16:06.9086921Z,,,,Pakistan,,Asia,2009-08-21,2027-06-07,1,36429234,BUZ12TS,PKR
700015,Buzzing-Shipping,,2024-01-02T14:16:06.9086921Z,,,,SaudiArabia,,MiddleEast,2009-08-26,2027-06-16,1,36429234,BUZ43NG,SAR
700016,Stocker-Movers,,2024-01-02T14:16:06.9086921Z,,,,SaudiArabia,,MiddleEast,2009-09-02,2027-06-20,1,36429234,STO66RS,SAR
